<TextureAtlas imagePath="icons-default.png">
	<SubTexture name="icon_arrow" x="100" y="300" width="48" height="48"/>
	<SubTexture name="icon_arrow_curved" x="250" y="250" width="48" height="48"/>
	<SubTexture name="icon_arrow_rotate" x="250" y="200" width="48" height="48"/>
	<SubTexture name="icon_burst" x="250" y="150" width="48" height="48"/>
	<SubTexture name="icon_button_a" x="250" y="100" width="48" height="48"/>
	<SubTexture name="icon_button_b" x="250" y="50" width="48" height="48"/>
	<SubTexture name="icon_button_l" x="250" y="0" width="48" height="48"/>
	<SubTexture name="icon_button_r" x="200" y="300" width="48" height="48"/>
	<SubTexture name="icon_button_x" x="200" y="250" width="48" height="48"/>
	<SubTexture name="icon_button_y" x="200" y="200" width="48" height="48"/>
	<SubTexture name="icon_checkmark" x="200" y="150" width="48" height="48"/>
	<SubTexture name="icon_cog" x="200" y="100" width="48" height="48"/>
	<SubTexture name="icon_cross" x="200" y="50" width="48" height="48"/>
	<SubTexture name="icon_crosshair" x="200" y="0" width="48" height="48"/>
	<SubTexture name="icon_fire" x="150" y="300" width="48" height="48"/>
	<SubTexture name="icon_hand" x="150" y="250" width="48" height="48"/>
	<SubTexture name="icon_jump" x="150" y="200" width="48" height="48"/>
	<SubTexture name="icon_key" x="150" y="150" width="48" height="48"/>
	<SubTexture name="icon_lock" x="150" y="100" width="48" height="48"/>
	<SubTexture name="icon_menu" x="150" y="50" width="48" height="48"/>
	<SubTexture name="icon_microphone" x="150" y="0" width="48" height="48"/>
	<SubTexture name="icon_money" x="250" y="300" width="48" height="48"/>
	<SubTexture name="icon_music" x="100" y="250" width="48" height="48"/>
	<SubTexture name="icon_music_disabled" x="100" y="200" width="48" height="48"/>
	<SubTexture name="icon_pause" x="100" y="150" width="48" height="48"/>
	<SubTexture name="icon_pedal" x="100" y="100" width="48" height="48"/>
	<SubTexture name="icon_pedal_brake" x="100" y="50" width="48" height="48"/>
	<SubTexture name="icon_play" x="100" y="0" width="48" height="48"/>
	<SubTexture name="icon_save" x="50" y="300" width="48" height="48"/>
	<SubTexture name="icon_search" x="50" y="250" width="48" height="48"/>
	<SubTexture name="icon_shield" x="50" y="200" width="48" height="48"/>
	<SubTexture name="icon_size_larger" x="50" y="150" width="48" height="48"/>
	<SubTexture name="icon_size_smaller" x="50" y="100" width="48" height="48"/>
	<SubTexture name="icon_skull" x="50" y="50" width="48" height="48"/>
	<SubTexture name="icon_sound" x="50" y="0" width="48" height="48"/>
	<SubTexture name="icon_sound_disabled" x="0" y="300" width="48" height="48"/>
	<SubTexture name="icon_star" x="0" y="250" width="48" height="48"/>
	<SubTexture name="icon_steering_wheel" x="0" y="200" width="48" height="48"/>
	<SubTexture name="icon_sword" x="0" y="150" width="48" height="48"/>
	<SubTexture name="icon_talk" x="0" y="100" width="48" height="48"/>
	<SubTexture name="icon_target" x="0" y="50" width="48" height="48"/>
	<SubTexture name="icon_wrench" x="0" y="0" width="48" height="48"/>
</TextureAtlas>