<TextureAtlas imagePath="icons-large.png">
	<SubTexture name="icon_arrow" x="196" y="588" width="96" height="96"/>
	<SubTexture name="icon_arrow_curved" x="490" y="490" width="96" height="96"/>
	<SubTexture name="icon_arrow_rotate" x="490" y="392" width="96" height="96"/>
	<SubTexture name="icon_burst" x="490" y="294" width="96" height="96"/>
	<SubTexture name="icon_button_a" x="490" y="196" width="96" height="96"/>
	<SubTexture name="icon_button_b" x="490" y="98" width="96" height="96"/>
	<SubTexture name="icon_button_l" x="490" y="0" width="96" height="96"/>
	<SubTexture name="icon_button_r" x="392" y="588" width="96" height="96"/>
	<SubTexture name="icon_button_x" x="392" y="490" width="96" height="96"/>
	<SubTexture name="icon_button_y" x="392" y="392" width="96" height="96"/>
	<SubTexture name="icon_checkmark" x="392" y="294" width="96" height="96"/>
	<SubTexture name="icon_cog" x="392" y="196" width="96" height="96"/>
	<SubTexture name="icon_cross" x="392" y="98" width="96" height="96"/>
	<SubTexture name="icon_crosshair" x="392" y="0" width="96" height="96"/>
	<SubTexture name="icon_fire" x="294" y="588" width="96" height="96"/>
	<SubTexture name="icon_hand" x="294" y="490" width="96" height="96"/>
	<SubTexture name="icon_jump" x="294" y="392" width="96" height="96"/>
	<SubTexture name="icon_key" x="294" y="294" width="96" height="96"/>
	<SubTexture name="icon_lock" x="294" y="196" width="96" height="96"/>
	<SubTexture name="icon_menu" x="294" y="98" width="96" height="96"/>
	<SubTexture name="icon_microphone" x="294" y="0" width="96" height="96"/>
	<SubTexture name="icon_money" x="490" y="588" width="96" height="96"/>
	<SubTexture name="icon_music" x="196" y="490" width="96" height="96"/>
	<SubTexture name="icon_music_disabled" x="196" y="392" width="96" height="96"/>
	<SubTexture name="icon_pause" x="196" y="294" width="96" height="96"/>
	<SubTexture name="icon_pedal" x="196" y="196" width="96" height="96"/>
	<SubTexture name="icon_pedal_brake" x="196" y="98" width="96" height="96"/>
	<SubTexture name="icon_play" x="196" y="0" width="96" height="96"/>
	<SubTexture name="icon_save" x="98" y="588" width="96" height="96"/>
	<SubTexture name="icon_search" x="98" y="490" width="96" height="96"/>
	<SubTexture name="icon_shield" x="98" y="392" width="96" height="96"/>
	<SubTexture name="icon_size_larger" x="98" y="294" width="96" height="96"/>
	<SubTexture name="icon_size_smaller" x="98" y="196" width="96" height="96"/>
	<SubTexture name="icon_skull" x="98" y="98" width="96" height="96"/>
	<SubTexture name="icon_sound" x="98" y="0" width="96" height="96"/>
	<SubTexture name="icon_sound_disabled" x="0" y="588" width="96" height="96"/>
	<SubTexture name="icon_star" x="0" y="490" width="96" height="96"/>
	<SubTexture name="icon_steering_wheel" x="0" y="392" width="96" height="96"/>
	<SubTexture name="icon_sword" x="0" y="294" width="96" height="96"/>
	<SubTexture name="icon_talk" x="0" y="196" width="96" height="96"/>
	<SubTexture name="icon_target" x="0" y="98" width="96" height="96"/>
	<SubTexture name="icon_wrench" x="0" y="0" width="96" height="96"/>
</TextureAtlas>