<TextureAtlas imagePath="style-h-default.png">
	<SubTexture name="button_bean" x="456" y="554" width="64" height="42"/>
	<SubTexture name="button_circle" x="620" y="396" width="64" height="64"/>
	<SubTexture name="button_circle_wide" x="130" y="650" width="128" height="64"/>
	<SubTexture name="button_diamond" x="586" y="330" width="64" height="64"/>
	<SubTexture name="button_diamond_wide" x="0" y="650" width="128" height="64"/>
	<SubTexture name="button_hexagon" x="588" y="528" width="58" height="64"/>
	<SubTexture name="button_hexagon_wide" x="260" y="650" width="128" height="64"/>
	<SubTexture name="button_square" x="586" y="66" width="64" height="64"/>
	<SubTexture name="button_square_wide" x="390" y="130" width="128" height="64"/>
	<SubTexture name="direction_left" x="554" y="396" width="64" height="64"/>
	<SubTexture name="direction_right" x="522" y="588" width="64" height="64"/>
	<SubTexture name="dpad" x="390" y="196" width="128" height="128"/>
	<SubTexture name="dpad_element_east" x="520" y="330" width="64" height="64"/>
	<SubTexture name="dpad_element_north" x="520" y="264" width="64" height="64"/>
	<SubTexture name="dpad_element_south" x="520" y="198" width="64" height="64"/>
	<SubTexture name="dpad_element_west" x="520" y="132" width="64" height="64"/>
	<SubTexture name="dpad_separate" x="260" y="130" width="128" height="128"/>
	<SubTexture name="dpad_small" x="390" y="456" width="96" height="96"/>
	<SubTexture name="joystick_circle_nub_a" x="488" y="456" width="64" height="64"/>
	<SubTexture name="joystick_circle_nub_b" x="586" y="264" width="64" height="64"/>
	<SubTexture name="joystick_circle_nub_c" x="588" y="462" width="64" height="64"/>
	<SubTexture name="joystick_circle_pad_a" x="260" y="0" width="128" height="128"/>
	<SubTexture name="joystick_circle_pad_b" x="130" y="0" width="128" height="128"/>
	<SubTexture name="joystick_circle_pad_c" x="0" y="520" width="128" height="128"/>
	<SubTexture name="joystick_circle_pad_d" x="390" y="0" width="128" height="128"/>
	<SubTexture name="joystick_hexagon_nub_a" x="520" y="66" width="64" height="64"/>
	<SubTexture name="joystick_hexagon_nub_b" x="390" y="620" width="64" height="64"/>
	<SubTexture name="joystick_hexagon_nub_c" x="520" y="0" width="64" height="64"/>
	<SubTexture name="joystick_hexagon_pad_a" x="390" y="326" width="128" height="128"/>
	<SubTexture name="joystick_hexagon_pad_b" x="260" y="520" width="128" height="128"/>
	<SubTexture name="joystick_hexagon_pad_c" x="260" y="390" width="128" height="128"/>
	<SubTexture name="joystick_hexagon_pad_d" x="260" y="260" width="128" height="128"/>
	<SubTexture name="joystick_polygon_nub_a" x="456" y="598" width="64" height="64"/>
	<SubTexture name="joystick_polygon_nub_b" x="390" y="554" width="64" height="64"/>
	<SubTexture name="joystick_polygon_nub_c" x="586" y="198" width="64" height="64"/>
	<SubTexture name="joystick_polygon_pad_a" x="130" y="520" width="128" height="128"/>
	<SubTexture name="joystick_polygon_pad_b" x="130" y="390" width="128" height="128"/>
	<SubTexture name="joystick_polygon_pad_c" x="130" y="260" width="128" height="128"/>
	<SubTexture name="joystick_polygon_pad_d" x="130" y="130" width="128" height="128"/>
	<SubTexture name="joystick_square_nub_a" x="586" y="0" width="64" height="64"/>
	<SubTexture name="joystick_square_nub_b" x="522" y="522" width="64" height="64"/>
	<SubTexture name="joystick_square_nub_c" x="586" y="132" width="64" height="64"/>
	<SubTexture name="joystick_square_pad_a" x="0" y="390" width="128" height="128"/>
	<SubTexture name="joystick_square_pad_b" x="0" y="260" width="128" height="128"/>
	<SubTexture name="joystick_square_pad_c" x="0" y="130" width="128" height="128"/>
	<SubTexture name="joystick_square_pad_d" x="0" y="0" width="128" height="128"/>
</TextureAtlas>