<TextureAtlas imagePath="style-e-default.png">
	<SubTexture name="button_bean" x="0" y="654" width="64" height="42"/>
	<SubTexture name="button_circle" x="520" y="230" width="64" height="64"/>
	<SubTexture name="button_circle_wide" x="0" y="588" width="128" height="64"/>
	<SubTexture name="button_diamond" x="130" y="650" width="64" height="64"/>
	<SubTexture name="button_diamond_wide" x="0" y="392" width="128" height="64"/>
	<SubTexture name="button_hexagon" x="586" y="494" width="58" height="64"/>
	<SubTexture name="button_hexagon_wide" x="0" y="196" width="128" height="64"/>
	<SubTexture name="button_square" x="196" y="650" width="64" height="64"/>
	<SubTexture name="button_square_wide" x="0" y="0" width="128" height="64"/>
	<SubTexture name="direction_left" x="460" y="650" width="64" height="64"/>
	<SubTexture name="direction_right" x="586" y="428" width="64" height="64"/>
	<SubTexture name="dpad" x="0" y="262" width="128" height="128"/>
	<SubTexture name="dpad_element_east" x="586" y="296" width="64" height="64"/>
	<SubTexture name="dpad_element_north" x="586" y="230" width="64" height="64"/>
	<SubTexture name="dpad_element_south" x="586" y="164" width="64" height="64"/>
	<SubTexture name="dpad_element_west" x="586" y="98" width="64" height="64"/>
	<SubTexture name="dpad_separate" x="0" y="458" width="128" height="128"/>
	<SubTexture name="dpad_small" x="520" y="0" width="96" height="96"/>
	<SubTexture name="joystick_circle_nub_a" x="520" y="494" width="64" height="64"/>
	<SubTexture name="joystick_circle_nub_b" x="520" y="428" width="64" height="64"/>
	<SubTexture name="joystick_circle_nub_c" x="520" y="362" width="64" height="64"/>
	<SubTexture name="joystick_circle_pad_a" x="390" y="260" width="128" height="128"/>
	<SubTexture name="joystick_circle_pad_b" x="130" y="0" width="128" height="128"/>
	<SubTexture name="joystick_circle_pad_c" x="130" y="130" width="128" height="128"/>
	<SubTexture name="joystick_circle_pad_d" x="390" y="520" width="128" height="128"/>
	<SubTexture name="joystick_hexagon_nub_a" x="520" y="98" width="64" height="64"/>
	<SubTexture name="joystick_hexagon_nub_b" x="520" y="296" width="64" height="64"/>
	<SubTexture name="joystick_hexagon_nub_c" x="394" y="650" width="64" height="64"/>
	<SubTexture name="joystick_hexagon_pad_a" x="260" y="260" width="128" height="128"/>
	<SubTexture name="joystick_hexagon_pad_b" x="260" y="390" width="128" height="128"/>
	<SubTexture name="joystick_hexagon_pad_c" x="390" y="390" width="128" height="128"/>
	<SubTexture name="joystick_hexagon_pad_d" x="260" y="130" width="128" height="128"/>
	<SubTexture name="joystick_polygon_nub_a" x="586" y="362" width="64" height="64"/>
	<SubTexture name="joystick_polygon_nub_b" x="520" y="560" width="64" height="64"/>
	<SubTexture name="joystick_polygon_nub_c" x="526" y="626" width="64" height="64"/>
	<SubTexture name="joystick_polygon_pad_a" x="0" y="66" width="128" height="128"/>
	<SubTexture name="joystick_polygon_pad_b" x="390" y="130" width="128" height="128"/>
	<SubTexture name="joystick_polygon_pad_c" x="390" y="0" width="128" height="128"/>
	<SubTexture name="joystick_polygon_pad_d" x="260" y="520" width="128" height="128"/>
	<SubTexture name="joystick_square_nub_a" x="262" y="650" width="64" height="64"/>
	<SubTexture name="joystick_square_nub_b" x="328" y="650" width="64" height="64"/>
	<SubTexture name="joystick_square_nub_c" x="520" y="164" width="64" height="64"/>
	<SubTexture name="joystick_square_pad_a" x="260" y="0" width="128" height="128"/>
	<SubTexture name="joystick_square_pad_b" x="130" y="520" width="128" height="128"/>
	<SubTexture name="joystick_square_pad_c" x="130" y="390" width="128" height="128"/>
	<SubTexture name="joystick_square_pad_d" x="130" y="260" width="128" height="128"/>
</TextureAtlas>