<TextureAtlas imagePath="style-a-large.png">
	<SubTexture name="button_bean" x="904" y="1098" width="128" height="84"/>
	<SubTexture name="button_circle" x="1228" y="780" width="128" height="128"/>
	<SubTexture name="button_circle_wide" x="258" y="1290" width="256" height="128"/>
	<SubTexture name="button_diamond" x="1162" y="650" width="128" height="128"/>
	<SubTexture name="button_diamond_wide" x="0" y="1290" width="256" height="128"/>
	<SubTexture name="button_hexagon" x="1164" y="1040" width="116" height="128"/>
	<SubTexture name="button_hexagon_wide" x="516" y="1290" width="256" height="128"/>
	<SubTexture name="button_square" x="1162" y="130" width="128" height="128"/>
	<SubTexture name="button_square_wide" x="774" y="258" width="256" height="128"/>
	<SubTexture name="direction_left" x="1098" y="780" width="128" height="128"/>
	<SubTexture name="direction_right" x="1034" y="1164" width="128" height="128"/>
	<SubTexture name="dpad" x="774" y="388" width="256" height="256"/>
	<SubTexture name="dpad_element_east" x="1032" y="650" width="128" height="128"/>
	<SubTexture name="dpad_element_north" x="1032" y="520" width="128" height="128"/>
	<SubTexture name="dpad_element_south" x="1032" y="390" width="128" height="128"/>
	<SubTexture name="dpad_element_west" x="1032" y="260" width="128" height="128"/>
	<SubTexture name="dpad_separate" x="516" y="258" width="256" height="256"/>
	<SubTexture name="dpad_small" x="774" y="904" width="192" height="192"/>
	<SubTexture name="joystick_circle_nub_a" x="968" y="904" width="128" height="128"/>
	<SubTexture name="joystick_circle_nub_b" x="1162" y="520" width="128" height="128"/>
	<SubTexture name="joystick_circle_nub_c" x="1164" y="910" width="128" height="128"/>
	<SubTexture name="joystick_circle_pad_a" x="516" y="0" width="256" height="256"/>
	<SubTexture name="joystick_circle_pad_b" x="258" y="0" width="256" height="256"/>
	<SubTexture name="joystick_circle_pad_c" x="0" y="1032" width="256" height="256"/>
	<SubTexture name="joystick_circle_pad_d" x="774" y="0" width="256" height="256"/>
	<SubTexture name="joystick_hexagon_nub_a" x="1032" y="130" width="128" height="128"/>
	<SubTexture name="joystick_hexagon_nub_b" x="774" y="1228" width="128" height="128"/>
	<SubTexture name="joystick_hexagon_nub_c" x="1032" y="0" width="128" height="128"/>
	<SubTexture name="joystick_hexagon_pad_a" x="774" y="646" width="256" height="256"/>
	<SubTexture name="joystick_hexagon_pad_b" x="516" y="1032" width="256" height="256"/>
	<SubTexture name="joystick_hexagon_pad_c" x="516" y="774" width="256" height="256"/>
	<SubTexture name="joystick_hexagon_pad_d" x="516" y="516" width="256" height="256"/>
	<SubTexture name="joystick_polygon_nub_a" x="904" y="1184" width="128" height="128"/>
	<SubTexture name="joystick_polygon_nub_b" x="774" y="1098" width="128" height="128"/>
	<SubTexture name="joystick_polygon_nub_c" x="1162" y="390" width="128" height="128"/>
	<SubTexture name="joystick_polygon_pad_a" x="258" y="1032" width="256" height="256"/>
	<SubTexture name="joystick_polygon_pad_b" x="258" y="774" width="256" height="256"/>
	<SubTexture name="joystick_polygon_pad_c" x="258" y="516" width="256" height="256"/>
	<SubTexture name="joystick_polygon_pad_d" x="258" y="258" width="256" height="256"/>
	<SubTexture name="joystick_square_nub_a" x="1162" y="0" width="128" height="128"/>
	<SubTexture name="joystick_square_nub_b" x="1034" y="1034" width="128" height="128"/>
	<SubTexture name="joystick_square_nub_c" x="1162" y="260" width="128" height="128"/>
	<SubTexture name="joystick_square_pad_a" x="0" y="774" width="256" height="256"/>
	<SubTexture name="joystick_square_pad_b" x="0" y="516" width="256" height="256"/>
	<SubTexture name="joystick_square_pad_c" x="0" y="258" width="256" height="256"/>
	<SubTexture name="joystick_square_pad_d" x="0" y="0" width="256" height="256"/>
</TextureAtlas>